steam_id,total_game,total_achievement,dominant_topic,top_1_genre,top_2_genre,top_3_genre,archetype_1_weight,archetype_2_weight,archetype_3_weight,archetype_4_weight,archetype_5_weight,archetype_6_weight,archetype_7_weight
76561197960269409,0.1413237924865832,0.2558704453441295,0,9,2,13,0.4305539656165819,0.3887250150397673,0.18072101934365079,0.0,0.0,0.0,0.0
76561197962437769,0.148479427549195,0.0262145748987854,0,9,17,1,0.0,0.0,0.0,0.9593949263074143,0.03846592846338256,0.0,0.0021391452292031984
76561197963260222,0.1699463327370304,0.3177125506072874,0,9,1,17,0.0,0.0,0.0,0.9663680651801496,0.0,0.03363193481985048,0.0
76561197970698176,0.0178890876565295,0.0926113360323886,0,9,13,1,0.2554708740101421,0.2123918679436985,0.0,0.0,0.24879071195496097,0.0,0.2833465460911983
76561197977935089,0.1395348837209302,0.16082995951417,0,1,17,15,0.0,0.0,0.0,0.4535786116110765,0.0,0.0,0.5464213883889234
76561197983588742,0.2343470483005366,0.4081983805668016,0,1,2,9,0.0,0.0,0.6616403070454303,0.0,0.06833625967547789,0.2700234332790919,0.0
76561197985705149,0.0822898032200357,0.0517206477732793,0,9,2,13,0.44654089028979527,0.4153348026867595,0.015121605738993177,0.0,0.12300270128445201,0.0,0.0
76561197986997483,0.2504472271914132,0.1464574898785425,0,9,2,17,0.4891566179620044,0.0,0.4719764154513058,0.03886696658668975,0.0,0.0,0.0
76561197992783558,0.479427549194991,0.6268218623481782,0,9,17,1,0.0,0.0,0.1395196087837245,0.8604803912162754,0.0,0.0,0.0
76561197996907347,0.4472271914132378,0.2034412955465587,0,9,1,17,0.0,0.0,0.1131636427217821,0.886836357278218,0.0,0.0,0.0
76561197996986882,0.2504472271914132,0.1924089068825911,0,17,9,13,1.0,0.0,0.0,0.0,0.0,0.0,0.0
76561197998141809,0.1806797853309481,0.429251012145749,0,9,1,2,0.0,0.0,0.18849820387116706,0.0,0.0,0.8115017961288329,0.0
76561197998383791,0.1323792486583184,0.2596153846153846,0,1,2,9,0.0,0.0018987056580682061,0.04159855235466855,0.0,0.0448677069139138,0.9116350350733494,0.0
76561197999259031,0.0429338103756708,0.0882591093117408,0,9,17,1,0.0,0.0,0.0,0.8311172718436229,0.0909955604788767,0.0,0.07788716767750042
76561197999482693,0.0143112701252235,0.0847165991902834,0,17,1,13,0.0,0.0,0.0,0.0,0.0,0.0,1.0
76561198002458772,0.1162790697674418,0.2467611336032388,0,9,13,17,0.9783388403190387,0.0,0.0,0.0,0.0,0.0,0.02166115968096124
76561198003412713,0.0787119856887298,0.1769230769230769,0,1,17,13,0.0,0.0,0.0,0.0,0.0,0.0,1.0
76561198004559773,0.0554561717352415,0.2281376518218623,0,1,2,13,0.0,0.9750126894629914,0.0,0.0,0.0,0.0,0.024987310537008554
76561198006756264,0.1699463327370304,0.2099190283400809,0,17,9,1,0.0,0.0,0.0,0.967954499098862,0.0,0.030376493315265245,0.0016690075858728877
76561198006906614,1.0,0.2269230769230769,0,9,1,2,0.0,0.0,1.0,0.0,0.0,0.0,0.0
76561198009353718,0.1216457960644007,0.3982793522267206,0,1,2,9,0.0,0.0,0.0802809538956027,0.0,0.10026775282208474,0.8194512932823125,0.0
76561198011413162,0.0447227191413237,0.1441295546558704,0,1,2,13,0.0,0.9518360417040388,0.0,0.0,0.0,0.0,0.04816395829596127
76561198011778207,0.1359570661896243,0.0878542510121457,0,1,2,9,0.0,0.0,0.05262717744683394,0.0,0.12286393439758522,0.8193324940477156,0.005176394107865231
76561198011803825,0.0536672629695885,0.1869433198380566,0,1,2,9,0.0,0.0,0.0,0.0,0.7390768738391658,0.2609231261608343,0.0
76561198022439862,0.2987477638640429,0.2067813765182186,0,9,17,13,1.0,0.0,0.0,0.0,0.0,0.0,0.0
76561198025583859,0.7298747763864043,0.1708502024291498,0,9,1,2,0.0,0.0,1.0,0.0,0.0,0.0,0.0
76561198025679656,0.0822898032200357,0.1241902834008097,0,2,1,9,0.0,0.0,0.22794267007159813,0.0,0.7720573299284018,0.0,0.0
76561198031720187,0.0286225402504472,0.112246963562753,0,1,9,2,0.0,0.0,0.0,0.0,0.9991040813148967,0.0008959186851032219,0.0
76561198032898393,0.0250447227191412,0.041497975708502,0,17,9,15,0.4720025332916613,0.0,0.0,0.5279974667083387,0.0,0.0,0.0
76561198037222425,0.3094812164579605,0.2889676113360324,0,9,17,13,1.0,0.0,0.0,0.0,0.0,0.0,0.0
76561198037246903,0.1377459749552772,0.8236842105263158,0,1,2,9,0.0,0.0,0.009592615358043758,0.0,0.0,0.9904073846419562,0.0
76561198041304371,0.0178890876565295,0.0837044534412955,0,9,2,1,0.0,0.0,0.0,0.0,1.0,0.0,0.0
76561198045196300,0.5491949910554561,0.4138663967611335,0,1,2,9,0.0,0.0,1.0,0.0,0.0,0.0,0.0
76561198046731438,0.0769230769230769,0.1352226720647773,0,1,9,2,0.0,0.0,0.04598704531936307,0.0,0.6071345510270223,0.34687840365361466,0.0
76561198048640355,0.4812164579606439,0.4817813765182186,0,1,2,9,0.0,0.0,1.0,0.0,0.0,0.0,0.0
76561198061669144,0.0447227191413237,0.0078947368421052,0,9,17,13,0.8997658893938062,0.0,0.0,0.0,0.0,0.0,0.10023411060619383
76561198064800033,0.0822898032200357,1.0,0,1,2,9,0.0,0.0,0.0,0.0,0.0,0.9802646027973014,0.019735397202698648
76561198068123705,0.0053667262969588,0.0,0,1,2,9,0.0,0.0,0.0,0.0,0.9988907885777194,0.0,0.0011092114222804549
76561198088342032,0.2504472271914132,0.2602226720647773,0,1,2,9,0.0,0.0,0.7886036624895125,0.0,0.21139633751048742,0.0,0.0
76561198105784816,0.0411449016100179,0.0634615384615384,0,1,2,13,0.0,1.0,0.0,0.0,0.0,0.0,0.0
76561198107047766,0.3166368515205724,0.0691295546558704,0,9,1,17,0.0,0.0,0.06808764865674252,0.9319123513432576,0.0,0.0,0.0
76561198108773562,0.1162790697674418,0.2214574898785425,0,1,2,9,0.0,0.0,0.12200680326320223,0.0,0.28877329545840175,0.5892199012783961,0.0
76561198118915505,0.0322003577817531,0.0696356275303643,0,1,2,9,0.0,0.0,0.0,0.0,1.0,0.0,0.0
76561198121696622,0.1556350626118068,0.0940283400809716,0,9,17,1,0.0,0.0,0.0,0.9487235603540236,0.03224158943370332,0.0,0.019034850212273174
76561198122292277,0.0769230769230769,0.1657894736842105,0,1,2,9,0.0,0.0,0.0,0.0,0.2782302850854687,0.7067100378298277,0.015059677084703503
76561198147075448,0.0429338103756708,0.0665991902834008,0,1,2,9,0.0,0.0,0.012910577065264236,0.0,0.9870894229347358,0.0,0.0
76561198150437413,0.0161001788908765,0.0412955465587044,0,1,2,9,0.0,0.0,0.0,0.0,1.0,0.0,0.0
76561198159956177,0.0554561717352415,0.1696356275303643,0,1,2,9,0.0,0.0,0.06679307039917823,0.0,0.8377237003170296,0.09548322928379208,0.0
76561198170036259,0.1377459749552772,0.3379554655870445,0,1,2,9,0.0,0.0,0.21047116860317677,0.0,0.16072922405417428,0.628799607342649,0.0
76561198192893105,0.1001788908765653,0.2976720647773279,0,9,17,13,0.9657283547762184,0.0,0.0,0.0,0.0,0.0,0.03427164522378145
76561198201248007,0.3434704830053666,0.2932186234817813,0,1,9,2,0.0,0.0,0.9078992766932307,0.0,0.0,0.09210072330676931,0.0
76561198336656213,0.3148479427549194,0.0129554655870445,0,1,2,9,0.0,0.0,0.8647446823600357,0.0,0.13525531763996443,0.0,0.0
76561198353192608,0.0483005366726297,0.0332995951417004,0,1,2,9,0.0,0.0,0.03233629740921272,0.0,0.9676637025907874,0.0,0.0
76561198796747013,0.0822898032200357,0.1492914979757085,0,1,2,9,0.0,0.0,0.2357222492347404,0.0,0.7642777507652596,0.0,0.0
76561198829145577,0.0035778175313058,0.0620445344129554,0,1,2,9,0.0,0.0,0.0,0.0,1.0,0.0,0.0
76561198961717161,0.0125223613595706,0.042408906882591,0,1,2,9,0.0,0.0,0.0,0.0,1.0,0.0,0.0
76561198975545285,0.2790697674418604,0.1849190283400809,0,1,2,9,0.0,0.0,0.8313132425680142,0.0,0.16868675743198586,0.0,0.0
76561199027285610,0.0196779964221824,0.1819838056680162,0,1,2,9,0.0,0.0,0.0,0.0,0.9834026518334186,0.016597348166581496,0.0
76561199041275399,0.0,0.1392712550607287,0,1,2,9,0.0,0.0,0.0,0.0,1.0,0.0,0.0
