topic,keywords
0,"game, like, play, good, get, story, one, make, time, really, well, feel, character, even, fun, go, would, lot, thing, much, great, gameplay, bad, also, puzzle, card, new, still, way, think"
1,"laugh, hand, life, loud, game, child, play, kid, go, man, rage, able, separation, eat, year, daughter, boy, friend, fun, would, joy, like, together, stumble, son, day, mother, start, need, anger"
2,"bundle, buy, frame, downloadable, content, remake, free, per, hentai, second, half, good, life, even, cosmetic, get, pack, much, want, go, game, money, make, skin, pay, version, worth, price, paywall, dollar"
3,"crash, frame, per, second, fix, stutter, mouse, choppy, freeze, bug, setting, still, gpu, rate, performance, break, slow, menu, time, anything, connection, lag, issue, option, ti, screen, game, get, update, play"
4,"table, pinball, cancer, syndrome, ball, mission, disorder, disease, one, mode, fx, like, pack, get, lot, thing, bit, fun, time, make, also, infection, way, play, interesting, game, well, ramp, hit, find"
5,"music, audio, ocean, fallen, remember, sea, soul, fill, sound, think, bone, alyxe, soundpad, dead, forever, smell, search, coma, place, voice, choice, bay, driver, kill, dance, til, stand, ah, vegas, enough"
6,"server, join, coop, refresh, team, multiplayer, full, friend, minute, singleplayer, solo, list, second, cook, american, online, play, participate, dish, game, issue, stream, discord, match, network, buddy, host, player, try, serve"
7,"story, dialogue, interesting, romance, period, writing, plot, together, bang, part, mission, lore, neither, chapter, deliver, cutscene, puzzle, slowly, history, really, book, also, thing, explain, stupid, face, worth, fema, potentioal, greekroman"
8,"port, pc, console, xbox, dire, boardgame, ps, game, digital, version, bloodborne, play, frame, crappy, wolf, reccomend, love, per, file, amazing, get, good, crazy, actually, bad, mobile, second, controller, anymore, graphic"
9,"art, modeling, see, arctic, showcase, look, thing, love, version, vibe, pixel, house, realistic, visual, graphic, nice, great, like, ltda, surgeryd, snipping, pictures, vaporwave, subreddit, rainmeter, rwallpaper, encentuate, chuchel, spaceeldrich, awesomer"
10,"soul, man, dark, lady, sexy, mean, cop, monster, covenant, cartel, mexican, mommy, leave, turn, beast, start, mercenary, yes, peak, achieve, join, straight, otherwise, dicatorship, dumping, esteem, gloss, buttman, flacid, feeted"
11,"mod, garrys, modding, make, game, thank, bethesda, infinite, download, gmod, todd, play, community, great, ever, sandbox, creation, vanilla, terrible, skyrim, good, spend, source, quite, buy, year, complex, goal, nothing, realize"
12,"detective, frog, game, deckbuilde, good, murder, mystery, dinosaur, clue, fan, place, combat, wow, escape, story, gameplay, make, play, suerly, creeepy, mitology, hogwart, winwin, peppa, solve, case, character, genre, try, di"
13,"english, language, game, chinese, translate, simple, japanese, translation, coop, spanish, mechanic, localization, thing, text, decent, unfortunatelly, even, never, think, symbol, part, like, little, different, make, broken, early, bit, least, speak"
14,"gem, hide, clear, play, elegant, extremely, absolute, relax, ui, without, available, potential, appriciation, unified, game, art, fun, style, moment, crafting, chuckle, enemie, boardcard, really, etc, delightful, unforgive, rival, spend, day"
15,"miami, heat, hotline, nfs, hotseat, play, worth, fr, unbound, sham, swish, bruh, hm, auction, astro, florida, visibility, like, overall, thing, splinter, irl, cheese, shootout, claire, especially, acceptable, phase, cell, thousand"
16,"individually, mouse, interface, uxui, instance, move, ui, easier, concentric, dotteddash, tray, improvementsfor, uninformative, preplanne, increment, apwould, apthere, unfortuantely, clear, click, ap, circular, keybinding, screen, roof, invert, unresolved, bug, meantime, correspond"
17,"deck, steam, steamdeck, run, play, aestheitcs, experince, darker, muh, well, pretty, chilling, warming, footage, starship, midway, also, battery, get, asian, atrocious, unreal, global, smoothly, desktop, retro, boomer, public, long, tone"
