Based on the provided JSON data, I will analyze each archetype and provide a CSV output.

Here is the CSV output:

"Arketype;Fitur Kuantitatif (Jumlah Game, Achievement, Playtime);Topik Dominan;Interpretasi Berdasarkan Kebutuhan Pengembang"
"1;226.58,25.61,2456.17;table,pinball,cancer,ball,mission;Pemain ambisius dan memainkan game yang berfokus pada strategi dan gameplay"
"2;231.29,35.03,2607.86;crash,frame,per,second,fix;Pemain mengalami masalah teknis dan membutuhkan perbaikan performa game"
"3;247.43,29.85,3560.24;laugh,hand,life,loud,game;Pemain menikmati game yang berfokus pada humor dan interaksi social"
"4;386.58,26.44,3811.92;table,pinball,cancer,ball,mission;Pemain ambisius dan memainkan game yang berfokus pada strategi dan gameplay"
"5;211.29,38.52,2285.71;bundle,buy,frame,downloadable,content;Pemain membeli dan mengunduh game yang berfokus pada konten dan gameplay"

Note:

* Fitur kuantitatif (Jumlah Game, Achievement, Playtime) is calculated based on the average values provided in the JSON data.
* Topik Dominan is determined by the dominant topic ID and keywords provided in the JSON data.
* Interpretasi Berdasarkan Kebutuhan Pengembang is a summary of the player's behavior and preferences based on the dominant topic and keywords.

Please let me know if you have any further questions or if there's anything else I can help you with!