,total_game,total_achievement,total_playtime,topic_count_1,topic_count_2,topic_count_3,topic_count_4,genre_count_1,genre_count_2,genre_count_9,genre_count_13,genre_count_15,genre_count_17,topic_count_1_prop,topic_count_2_prop,topic_count_3_prop,topic_count_4_prop,genre_count_1_prop,genre_count_2_prop,genre_count_9_prop,genre_count_13_prop,genre_count_15_prop,genre_count_17_prop
76561197960269409,0.1368715083798882,0.2970359660220495,0.3606475989027615,0.0,0.0,0.0,1.0,0.0,1.0,1.0,1.0,0.0,0.0,0.0,0.0,0.0,0.62,0.0,0.616,0.608,0.62,0.0,0.0
76561197962437769,0.1536312849162011,0.0335261160310862,0.1872963317368841,0.0,0.0,0.0,1.0,1.0,0.0,1.0,0.0,0.0,1.0,0.0,0.0,0.0,0.5916030534351144,0.5801526717557252,0.0,0.5801526717557252,0.0,0.0,0.5916030534351144
76561197963260222,0.1564245810055866,0.3369781312127236,0.2726643090888089,0.0,0.0,0.0,1.0,1.0,0.0,1.0,0.0,0.0,1.0,0.0,0.0,0.0,0.5871212121212122,0.5757575757575758,0.0,0.5757575757575758,0.0,0.0,0.5871212121212122
76561197970698176,0.0167597765363128,0.0571118742092897,0.2305057482860298,0.0,1.0,0.0,0.0,0.0,0.0,1.0,1.0,0.0,1.0,0.0,0.9390243902439024,0.0,0.0,0.0,0.0,0.926829268292683,0.9451219512195124,0.0,0.9451219512195124
76561197977935089,0.1634078212290503,0.1778420386770287,0.7335296985107781,0.0,1.0,0.0,0.0,1.0,0.0,0.0,0.0,1.0,1.0,0.0,0.5724907063197026,0.0,0.0,0.5650557620817843,0.0,0.0,0.0,0.5650557620817843,0.5762081784386617
76561197983588742,0.2388268156424581,0.426712452557383,0.1913393636305729,0.0,0.0,1.0,0.0,1.0,1.0,1.0,0.0,0.0,0.0,0.0,0.0,0.5634674922600619,0.0,0.4705882352941177,0.4767801857585139,0.4705882352941177,0.0,0.0,0.0
76561197985705149,0.0810055865921787,0.0643412253750225,0.0159341723207394,0.0,0.0,0.0,1.0,0.0,1.0,1.0,1.0,0.0,0.0,0.0,0.0,0.0,0.738095238095238,0.0,0.7333333333333334,0.7238095238095239,0.7380952380952381,0.0,0.0
76561197986997483,0.2472067039106145,0.1623893005602747,0.0426645907177188,0.0,0.0,0.0,1.0,0.0,1.0,1.0,0.0,0.0,1.0,0.0,0.0,0.0,0.4711246200607902,0.0,0.4680851063829787,0.4620060790273556,0.0,0.0,0.4711246200607902
76561197992783558,0.4469273743016759,0.6491053677932406,0.5077389897275313,0.0,0.0,0.0,1.0,1.0,0.0,1.0,0.0,0.0,1.0,0.0,0.0,0.0,0.3283898305084746,0.3220338983050847,0.0,0.3220338983050847,0.0,0.0,0.3283898305084746
76561197996907347,0.4175977653631285,0.2137176938369781,0.0837847108990813,0.0,0.0,0.0,1.0,1.0,0.0,1.0,0.0,0.0,1.0,0.0,0.0,0.0,0.3436807095343681,0.3370288248337029,0.0,0.3370288248337029,0.0,0.0,0.3436807095343681
76561197996986882,0.2150837988826816,0.1913067052232062,0.2899843297013704,0.0,0.0,0.0,1.0,0.0,0.0,1.0,1.0,0.0,1.0,0.0,0.0,0.0,0.5065359477124183,0.0,0.0,0.4967320261437908,0.5065359477124183,0.0,0.5065359477124183
76561197998141809,0.1815642458100558,0.4146032893547804,0.5486147372336256,0.0,1.0,0.0,0.0,1.0,1.0,1.0,0.0,0.0,0.0,0.0,0.5460992907801419,0.0,0.0,0.5390070921985816,0.5460992907801419,0.5390070921985816,0.0,0.0,0.0
76561197998383791,0.0949720670391061,0.2486896801012109,0.6537341921117846,1.0,0.0,0.0,0.0,1.0,1.0,1.0,0.0,0.0,0.0,0.6909090909090909,0.0,0.0,0.0,0.6909090909090909,0.7,0.6909090909090909,0.0,0.0,0.0
76561197999259031,0.0432960893854748,0.0962407373938189,0.2443438267353571,0.0,0.0,0.0,1.0,1.0,0.0,1.0,0.0,0.0,1.0,0.0,0.0,0.0,0.8469945355191257,0.8306010928961749,0.0,0.8306010928961749,0.0,0.0,0.8469945355191257
76561197999482693,0.0041899441340782,0.0869329477679378,0.2445168429286575,0.0,0.0,0.0,1.0,1.0,0.0,0.0,1.0,0.0,1.0,0.0,0.0,0.0,1.0,0.9806451612903224,0.0,0.0,1.0,0.0,1.0
76561198002458772,0.1131284916201117,0.2623350804265317,0.2302856826349247,0.0,0.0,0.0,1.0,0.0,0.0,1.0,1.0,0.0,1.0,0.0,0.0,0.0,0.6652360515021459,0.0,0.0,0.6523605150214592,0.6652360515021459,0.0,0.6652360515021459
76561198003412713,0.0642458100558659,0.1870594614133381,1.0,0.0,0.0,1.0,0.0,1.0,0.0,0.0,1.0,0.0,1.0,0.0,0.0,0.9191919191919192,0.0,0.7676767676767677,0.0,0.0,0.7828282828282829,0.0,0.7828282828282829
76561198004559773,0.0446927374301676,0.2379360202421832,0.3682635796949842,0.0,0.0,1.0,0.0,1.0,1.0,0.0,1.0,0.0,0.0,0.0,0.0,0.9891304347826086,0.0,0.8260869565217391,0.8369565217391304,0.0,0.842391304347826,0.0,0.0
76561198006756264,0.1662011173184358,0.2372130851256099,0.3154436430041251,0.0,0.0,0.0,1.0,1.0,0.0,1.0,0.0,0.0,1.0,0.0,0.0,0.0,0.5719557195571955,0.5608856088560885,0.0,0.5608856088560885,0.0,0.0,0.5719557195571956
76561198006906614,1.0,0.2553768299295138,0.0140021982711434,0.0,0.0,0.0,1.0,1.0,1.0,1.0,0.0,0.0,0.0,0.0,0.0,0.0,0.1785714285714285,0.1751152073732718,0.1774193548387097,0.1751152073732718,0.0,0.0,0.0
76561198009353718,0.0907821229050279,0.3874028555937104,0.5215126755384396,1.0,0.0,0.0,0.0,1.0,1.0,1.0,0.0,0.0,0.0,0.7004608294930876,0.0,0.0,0.0,0.7004608294930875,0.7096774193548387,0.7004608294930875,0.0,0.0,0.0
76561198011413162,0.0418994413407821,0.1496475691306705,0.6536612191908726,0.0,0.0,1.0,0.0,1.0,1.0,0.0,1.0,0.0,0.0,0.0,0.0,1.0,0.0,0.8351648351648352,0.8461538461538463,0.0,0.8516483516483517,0.0,0.0
76561198011778207,0.1284916201117318,0.0923549611422375,0.6656377010130476,0.0,1.0,0.0,0.0,1.0,1.0,1.0,0.0,0.0,0.0,0.0,0.6311475409836066,0.0,0.0,0.6229508196721312,0.6311475409836066,0.6229508196721312,0.0,0.0,0.0
76561198011803825,0.0391061452513966,0.1801012109163202,0.2897827174199802,1.0,0.0,0.0,0.0,1.0,1.0,1.0,0.0,0.0,0.0,0.8444444444444446,0.0,0.0,0.0,0.8444444444444444,0.8555555555555556,0.8444444444444444,0.0,0.0,0.0
76561198022439862,0.2849162011173184,0.215615398517983,0.2749051656942369,0.0,0.0,0.0,1.0,1.0,0.0,1.0,0.0,0.0,1.0,0.0,0.0,0.0,0.4353932584269662,0.4269662921348314,0.0,0.4269662921348314,0.0,0.0,0.4353932584269663
76561198025583859,0.7262569832402235,0.2022410988613772,0.0911478313736966,0.0,0.0,0.0,1.0,1.0,1.0,1.0,0.0,0.0,0.0,0.0,0.0,0.0,0.2306547619047619,0.2261904761904761,0.2291666666666666,0.2261904761904761,0.0,0.0,0.0
76561198025679656,0.0879888268156424,0.1377191397072112,0.0360273971969574,1.0,0.0,0.0,0.0,1.0,1.0,1.0,0.0,0.0,0.0,0.7069767441860466,0.0,0.0,0.0,0.7069767441860465,0.7162790697674418,0.7069767441860465,0.0,0.0,0.0
76561198031720187,0.0279329608938547,0.1162118199891559,0.277440085752649,0.0,1.0,0.0,0.0,1.0,1.0,1.0,0.0,0.0,0.0,0.0,0.8953488372093024,0.0,0.0,0.8837209302325582,0.8953488372093024,0.8837209302325582,0.0,0.0,0.0
76561198032898393,0.0223463687150838,0.0440086752213988,0.3464311951703823,0.0,0.0,0.0,1.0,0.0,0.0,1.0,0.0,1.0,1.0,0.0,0.0,0.0,0.9226190476190476,0.0,0.0,0.9047619047619048,0.0,0.9047619047619048,0.9226190476190476
76561198037222425,0.2793296089385475,0.2656786553406832,0.1121679960339569,0.0,0.0,0.0,1.0,0.0,0.0,1.0,1.0,0.0,1.0,0.0,0.0,0.0,0.440340909090909,0.0,0.0,0.4318181818181818,0.4403409090909091,0.0,0.4403409090909091
76561198037246903,0.1354748603351955,0.8566781131393458,0.5703089181096691,0.0,0.0,0.0,1.0,1.0,1.0,1.0,0.0,0.0,0.0,0.0,0.0,0.0,0.6224899598393574,0.610441767068273,0.6184738955823292,0.610441767068273,0.0,0.0,0.0
76561198041304371,0.0125698324022346,0.0856678113139345,0.1230832395130747,0.0,0.0,0.0,1.0,0.0,1.0,1.0,0.0,0.0,1.0,0.0,0.0,0.0,0.9627329192546584,0.0,0.9565217391304348,0.9440993788819876,0.0,0.0,0.9627329192546584
76561198045196300,0.5432960893854749,0.4402674859931321,0.0932774210778534,1.0,0.0,0.0,0.0,1.0,1.0,1.0,0.0,0.0,0.0,0.2809611829944547,0.0,0.0,0.0,0.2809611829944547,0.2846580406654344,0.2809611829944547,0.0,0.0,0.0
76561198046731438,0.085195530726257,0.1424182179649376,0.3760752206886323,1.0,0.0,0.0,0.0,1.0,1.0,1.0,0.0,0.0,0.0,0.7136150234741785,0.0,0.0,0.0,0.7136150234741784,0.7230046948356808,0.7136150234741784,0.0,0.0,0.0
76561198048640355,0.4650837988826816,0.4883426712452557,0.2098345406135363,1.0,0.0,0.0,0.0,1.0,1.0,1.0,0.0,0.0,0.0,0.3134020618556701,0.0,0.0,0.0,0.3134020618556701,0.3175257731958762,0.3134020618556701,0.0,0.0,0.0
76561198061669144,0.0321229050279329,0.0075004518344478,0.5571906088967152,0.0,0.0,0.0,1.0,0.0,0.0,1.0,1.0,0.0,1.0,0.0,0.0,0.0,0.8857142857142857,0.0,0.0,0.8685714285714285,0.8857142857142857,0.0,0.8857142857142857
76561198064800033,0.074022346368715,1.0,0.9061410422118588,1.0,0.0,0.0,0.0,1.0,1.0,1.0,0.0,0.0,0.0,0.7414634146341464,0.0,0.0,0.0,0.7414634146341463,0.751219512195122,0.7414634146341463,0.0,0.0,0.0
76561198068123705,0.0027932960893854,0.0,0.2978693527845058,0.0,1.0,0.0,0.0,1.0,1.0,1.0,0.0,0.0,0.0,0.0,1.0,0.0,0.0,0.9870129870129872,1.0,0.9870129870129872,0.0,0.0,0.0
76561198088342032,0.2472067039106145,0.2851979034881619,0.0550768931836377,1.0,0.0,0.0,0.0,1.0,1.0,1.0,0.0,0.0,0.0,0.4620060790273556,0.0,0.0,0.0,0.4620060790273556,0.4680851063829787,0.4620060790273556,0.0,0.0,0.0
76561198105784816,0.0544692737430167,0.07834809325863,0.1612454345365696,0.0,0.0,1.0,0.0,1.0,1.0,0.0,1.0,0.0,0.0,0.0,0.0,0.9528795811518324,0.0,0.7958115183246074,0.8062827225130891,0.0,0.8115183246073299,0.0,0.0
76561198107047766,0.2932960893854749,0.0710283752033255,0.0,0.0,0.0,0.0,1.0,1.0,0.0,1.0,0.0,0.0,1.0,0.0,0.0,0.0,0.4281767955801104,0.4198895027624309,0.0,0.4198895027624309,0.0,0.0,0.4281767955801104
76561198108773562,0.1047486033519553,0.2255557563708657,0.4690850124374611,1.0,0.0,0.0,0.0,1.0,1.0,1.0,0.0,0.0,0.0,0.669603524229075,0.0,0.0,0.0,0.669603524229075,0.6784140969162996,0.669603524229075,0.0,0.0,0.0
76561198118915505,0.0446927374301676,0.0720224109886137,0.2072392015772768,0.0,1.0,0.0,0.0,1.0,1.0,0.0,1.0,0.0,0.0,0.0,0.8369565217391305,0.0,0.0,0.8260869565217391,0.8369565217391304,0.0,0.842391304347826,0.0,0.0
76561198121696622,0.1075418994413408,0.110337972166998,0.4207043081315428,0.0,0.0,0.0,1.0,1.0,0.0,1.0,0.0,0.0,1.0,0.0,0.0,0.0,0.6768558951965065,0.6637554585152838,0.0,0.6637554585152838,0.0,0.0,0.6768558951965065
76561198122292277,0.0516759776536313,0.1642870052412796,0.7203403349139488,1.0,0.0,0.0,0.0,1.0,1.0,1.0,0.0,0.0,0.0,0.8042328042328043,0.0,0.0,0.0,0.8042328042328042,0.8148148148148148,0.8042328042328042,0.0,0.0,0.0
76561198147075448,0.0307262569832402,0.0737393818904753,0.1137527104505106,0.0,1.0,0.0,0.0,1.0,1.0,1.0,0.0,0.0,0.0,0.0,0.8850574712643678,0.0,0.0,0.8735632183908046,0.8850574712643678,0.8735632183908046,0.0,0.0,0.0
76561198150437413,0.0153631284916201,0.0537682992951382,0.0688390914948292,1.0,0.0,0.0,0.0,1.0,1.0,1.0,0.0,0.0,0.0,0.932515337423313,0.0,0.0,0.0,0.9325153374233128,0.9447852760736196,0.9325153374233128,0.0,0.0,0.0
76561198159956177,0.0474860335195531,0.1722392915235857,0.2154357939751047,1.0,0.0,0.0,0.0,1.0,1.0,1.0,0.0,0.0,0.0,0.8172043010752689,0.0,0.0,0.0,0.8172043010752689,0.8279569892473119,0.8172043010752689,0.0,0.0,0.0
76561198170036259,0.138268156424581,0.3430327128140249,0.3819035831978825,1.0,0.0,0.0,0.0,1.0,1.0,1.0,0.0,0.0,0.0,0.6055776892430279,0.0,0.0,0.0,0.6055776892430279,0.6135458167330677,0.6055776892430279,0.0,0.0,0.0
76561198192893105,0.0893854748603352,0.283571299475872,0.2984494014631369,0.0,0.0,0.0,1.0,0.0,0.0,1.0,1.0,0.0,1.0,0.0,0.0,0.0,0.7175925925925926,0.0,0.0,0.7037037037037037,0.7175925925925926,0.0,0.7175925925925926
76561198201248007,0.3337988826815642,0.3146575094885234,0.1732658448950898,1.0,0.0,0.0,0.0,1.0,1.0,1.0,0.0,0.0,0.0,0.3887468030690537,0.0,0.0,0.0,0.3887468030690537,0.3938618925831202,0.3887468030690537,0.0,0.0,0.0
76561198336656213,0.2793296089385475,0.0217784203867702,0.0613540688758223,0.0,0.0,1.0,0.0,1.0,1.0,1.0,0.0,0.0,0.0,0.0,0.0,0.5170454545454545,0.0,0.4318181818181818,0.4375,0.4318181818181818,0.0,0.0,0.0
76561198353192608,0.0516759776536313,0.0490692210374118,0.0893294644312511,0.0,0.0,1.0,0.0,1.0,1.0,1.0,0.0,0.0,0.0,0.0,0.0,0.9629629629629628,0.0,0.8042328042328042,0.8148148148148148,0.8042328042328042,0.0,0.0,0.0
76561198796747013,0.0935754189944134,0.1548888487258268,0.1103170913029097,1.0,0.0,0.0,0.0,1.0,1.0,1.0,0.0,0.0,0.0,0.6940639269406393,0.0,0.0,0.0,0.6940639269406392,0.7031963470319634,0.6940639269406392,0.0,0.0,0.0
76561198829145577,0.0027932960893854,0.0754563527923368,0.06684084745243,1.0,0.0,0.0,0.0,1.0,1.0,1.0,0.0,0.0,0.0,0.9870129870129872,0.0,0.0,0.0,0.9870129870129872,1.0,0.9870129870129872,0.0,0.0,0.0
76561198961717161,0.0055865921787709,0.0483462859208386,0.1188384483604514,1.0,0.0,0.0,0.0,1.0,1.0,1.0,0.0,0.0,0.0,0.9743589743589745,0.0,0.0,0.0,0.9743589743589745,0.9871794871794872,0.9743589743589745,0.0,0.0,0.0
76561198975545285,0.2681564245810056,0.1944695463582143,0.1528941700644314,1.0,0.0,0.0,0.0,1.0,1.0,1.0,0.0,0.0,0.0,0.4418604651162791,0.0,0.0,0.0,0.4418604651162791,0.4476744186046512,0.4418604651162791,0.0,0.0,0.0
76561199027285610,0.0097765363128491,0.1848002891740466,0.2386074393637669,1.0,0.0,0.0,0.0,1.0,1.0,1.0,0.0,0.0,0.0,0.9559748427672956,0.0,0.0,0.0,0.9559748427672956,0.9685534591194968,0.9559748427672956,0.0,0.0,0.0
76561199122194203,0.0,0.0173504427977589,0.2957000038062077,1.0,0.0,0.0,0.0,1.0,0.0,1.0,0.0,1.0,0.0,1.0,0.0,0.0,0.0,1.0,0.0,1.0,0.0,1.0,0.0
