Steamid,total_game,total_achievement,total_playtime,topic_count_1,topic_count_2,topic_count_3,topic_count_4,genre_count_1,genre_count_2,genre_count_9,genre_count_13,genre_count_15,genre_count_17,topic_count_1_prop,topic_count_2_prop,topic_count_3_prop,topic_count_4_prop,genre_count_1_prop,genre_count_2_prop,genre_count_9_prop,genre_count_13_prop,genre_count_15_prop,genre_count_17_prop
76561197960269409,-0.11595723632154208,0.45747737088286133,0.29224461493887727,-0.7433919416750281,-0.3960590171906697,-0.3668996928526714,1.2510864843424485,-2.0889318714683736,0.7161148740394329,0.36689969285267143,1.7928429140015905,-0.23145502494313788,-0.7433919416750281,-0.6944784178907123,-0.38626533885220726,-0.356392548066193,1.194856761283118,-1.6471355665305885,0.4398405791982261,0.11976540578084736,1.3232502571794404,-0.22542955918706883,-0.6908456993123843
76561197962437769,-0.024939804707737327,-0.9418192457575105,-0.4700213351312992,-0.7433919416750281,-0.3960590171906697,-0.3668996928526714,1.2510864843424485,0.4787135538781688,-1.3964240043768943,0.36689969285267143,-0.5577733510227171,-0.23145502494313788,1.3451854182690988,-0.6944784178907123,-0.38626533885220726,-0.356392548066193,1.1070859750556155,0.1334503571107943,-1.2208396822196024,0.025262864176791154,-0.5434447501203772,-0.22542955918706883,1.0710482986647383
76561197963260222,-0.0097702327721031,0.6695792585903522,-0.09463842951073209,-0.7433919416750281,-0.3960590171906697,-0.3668996928526714,1.2510864843424485,0.4787135538781688,-1.3964240043768943,0.36689969285267143,-0.5577733510227171,-0.23145502494313788,1.3451854182690988,-0.6944784178907123,-0.38626533885220726,-0.356392548066193,1.0932332625828407,0.11996106981048105,-1.2208396822196024,0.010347690312514875,-0.5434447501203772,-0.22542955918706883,1.0577006168618814
76561197970698176,-0.7682488295538079,-0.8165735609347612,-0.2800194534242821,-0.7433919416750281,2.5248762345905194,-0.3668996928526714,-0.7993052538854534,-2.0889318714683736,-1.3964240043768943,0.36689969285267143,1.7928429140015905,-0.23145502494313788,1.3451854182690988,-0.6944784178907123,3.007267568027498,-0.356392548066193,-0.7214720713506865,-1.6471355665305885,-1.2208396822196024,1.201742675812653,2.3021269073488573,-0.22542955918706883,2.123887395016922
76561197977935089,0.02815369706698216,-0.17546921257003684,1.9318941691004061,-0.7433919416750281,2.5248762345905194,-0.3668996928526714,-0.7993052538854534,0.4787135538781688,-1.3964240043768943,-2.7255405754769875,-0.5577733510227171,4.320493798938573,1.3451854182690988,-0.6944784178907123,1.6826543515874641,-0.356392548066193,-0.7214720713506865,0.08711540742495898,-1.2208396822196024,-1.9435400859077119,-0.5434447501203772,2.8174817096333364,1.025199755966449
76561197983588742,0.4377321393291026,1.1460887031458702,-0.45224318099379446,-0.7433919416750281,-0.3960590171906697,2.7255405754769875,-0.7993052538854534,0.4787135538781688,0.7161148740394329,0.36689969285267143,-0.5577733510227171,-0.23145502494313788,-0.7433919416750281,-0.6944784178907123,-0.38626533885220726,1.6501726897082412,-0.7214720713506865,-0.20282128791126225,0.06451655726788087,-0.3465544112261643,-0.5434447501203772,-0.22542955918706883,-0.6908456993123843
76561197985705149,-0.41934867503422396,-0.7781840789967542,-1.2235407145335433,-0.7433919416750281,-0.3960590171906697,-0.3668996928526714,1.2510864843424485,-2.0889318714683736,0.7161148740394329,0.36689969285267143,1.7928429140015905,-0.23145502494313788,-0.7433919416750281,-0.6944784178907123,-0.38626533885220726,-0.356392548066193,1.5598717770228903,-1.6471355665305885,0.7561606289920983,0.5127759756262876,1.6788112109508342,-0.22542955918706883,-0.6908456993123843
76561197986997483,0.4832408551360047,-0.2575267302125276,-1.1060008308726432,-0.7433919416750281,-0.3960590171906697,-0.3668996928526714,1.2510864843424485,-2.0889318714683736,0.7161148740394329,0.36689969285267143,-0.5577733510227171,-0.23145502494313788,1.3451854182690988,-0.6944784178907123,-0.38626533885220726,-0.356392548066193,0.7347048531430858,-1.6471355665305885,0.04107541004318513,-0.37567877003494665,-0.5434447501203772,-0.22542955918706883,0.712243137982467
76561197992783558,1.567865248533842,2.3270451412638247,0.9390397645059011,-0.7433919416750281,-0.3960590171906697,-0.3668996928526714,1.2510864843424485,0.4787135538781688,-1.3964240043768943,0.36689969285267143,-0.5577733510227171,-0.23145502494313788,1.3451854182690988,-0.6944784178907123,-0.38626533885220726,-0.356392548066193,0.29353260695111677,-0.658759481797448,-1.2208396822196024,-0.8506876009031785,-0.5434447501203772,-0.22542955918706883,0.28715478261559485
76561197996907347,1.4085847432096845,0.01503859154732531,-0.9251860725527458,-0.7433919416750281,-0.3960590171906697,-0.3668996928526714,1.2510864843424485,0.4787135538781688,-1.3964240043768943,0.36689969285267143,-0.5577733510227171,-0.23145502494313788,1.3451854182690988,-0.6944784178907123,-0.38626533885220726,-0.356392548066193,0.3407944655860123,-0.6127375355016698,-1.2208396822196024,-0.7998008998275793,-0.5434447501203772,-0.22542955918706883,0.3326936077164542
76561197996986882,0.3087907778762129,-0.10396880246049782,-0.018478259566107595,-0.7433919416750281,-0.3960590171906697,-0.3668996928526714,1.2510864843424485,-2.0889318714683736,-1.3964240043768943,0.36689969285267143,1.7928429140015905,-0.23145502494313788,1.3451854182690988,-0.6944784178907123,-0.38626533885220726,-0.356392548066193,0.8441560598860819,-1.6471355665305885,-1.2208396822196024,-0.25783298485496753,0.9816328702226109,-0.22542955918706883,0.817704063661492
76561197998141809,0.12675591464860342,1.0817863208997076,1.1187799591809526,-0.7433919416750281,2.5248762345905194,-0.3668996928526714,-0.7993052538854534,0.4787135538781688,0.7161148740394329,0.36689969285267143,-0.5577733510227171,-0.23145502494313788,-0.7433919416750281,-0.6944784178907123,1.5872786211771248,-0.356392548066193,-0.7214720713506865,0.007167667490838193,0.2513945920869832,-0.11436855072281889,-0.5434447501203772,-0.22542955918706883,-0.6908456993123843
76561197998383791,-0.3435008153560533,0.2007477104224364,1.5810147178509577,1.3451854182690985,-0.3960590171906697,-0.3668996928526714,-0.7993052538854534,0.4787135538781688,0.7161148740394329,0.36689969285267143,-0.5577733510227171,-0.23145502494313788,-0.7433919416750281,1.2280149542456011,-0.38626533885220726,-0.356392548066193,-0.7214720713506865,0.47338039707869484,0.6662969784824753,0.4011252455565601,-0.5434447501203772,-0.22542955918706883,-0.6908456993123843
76561197999259031,-0.6241378961652841,-0.6087904899452958,-0.21917019521708023,-0.7433919416750281,-0.3960590171906697,-0.3668996928526714,1.2510864843424485,0.4787135538781688,-1.3964240043768943,0.36689969285267143,-0.5577733510227171,-0.23145502494313788,1.3451854182690988,-0.6944784178907123,-0.38626533885220726,-0.356392548066193,1.896463492356697,0.9021185973712822,-1.2208396822196024,0.8751832633935988,-0.5434447501203772,-0.22542955918706883,1.8316473469718024
76561197999482693,-0.8365119032641611,-0.6582169479404806,-0.21840940266494124,-0.7433919416750281,-0.3960590171906697,-0.3668996928526714,1.2510864843424485,0.4787135538781688,-1.3964240043768943,-2.7255405754769875,1.7928429140015905,-0.23145502494313788,1.3451854182690988,-0.6944784178907123,-0.38626533885220726,-0.356392548066193,2.3693808845102886,1.3626290269793615,-1.2208396822196024,-1.9435400859077119,2.4673536487502963,-0.22542955918706883,2.287323510171526
76561198002458772,-0.2448985977744317,0.27320785758042543,-0.280987133415089,-0.7433919416750281,-0.3960590171906697,-0.3668996928526714,1.2510864843424485,-2.0889318714683736,-1.3964240043768943,0.36689969285267143,1.7928429140015905,-0.23145502494313788,1.3451854182690988,-0.6944784178907123,-0.38626533885220726,-0.356392548066193,1.3346747447800051,-1.6471355665305885,-1.2208396822196024,0.27030700817872505,1.4594468886133327,-0.22542955918706883,1.2903398263099597
76561198003412713,-0.5103661066480283,-0.12652262309907739,3.103626229967341,-0.7433919416750281,-0.3960590171906697,2.7255405754769875,-0.7993052538854534,0.4787135538781688,-1.3964240043768943,-2.7255405754769875,1.7928429140015905,-0.23145502494313788,1.3451854182690988,-0.6944784178907123,-0.38626533885220726,2.916943673151698,-0.7214720713506865,0.7089932819241709,-1.2208396822196024,-1.9435400859077119,1.8134933904096955,-0.22542955918706883,1.64054938891997
76561198004559773,-0.6165531101974667,0.14364335603965,0.3257338586531718,-0.7433919416750281,-0.3960590171906697,2.7255405754769875,-0.7993052538854534,0.4787135538781688,0.7161148740394329,-2.7255405754769875,1.7928429140015905,-0.23145502494313788,-0.7433919416750281,-0.6944784178907123,-0.38626533885220726,3.1660018638965366,-0.7214720713506865,0.8882639551761633,1.0355193686198383,-1.9435400859077119,1.9928256402326356,-0.22542955918706883,-0.6908456993123843
76561198006756264,0.043323269002616384,0.13980440784584924,0.09347227855305437,-0.7433919416750281,-0.3960590171906697,-0.3668996928526714,1.2510864843424485,0.4787135538781688,-1.3964240043768943,0.36689969285267143,-0.5577733510227171,-0.23145502494313788,1.3451854182690988,-0.6944784178907123,-0.38626533885220726,-0.356392548066193,1.0463589550642622,0.07431650724816533,-1.2208396822196024,-0.04012173564151343,-0.5434447501203772,-0.22542955918706883,1.0125352138610701
76561198006906614,4.571440491789392,0.2362579812150934,-1.232036054997464,-0.7433919416750281,-0.3960590171906697,-0.3668996928526714,1.2510864843424485,0.4787135538781688,0.7161148740394329,0.36689969285267143,-0.5577733510227171,-0.23145502494313788,-0.7433919416750281,-0.6944784178907123,-0.38626533885220726,-0.356392548066193,-0.16953404351836976,-1.1096776034038118,-0.7425331553135457,-1.3492700710204544,-0.5434447501203772,-0.22542955918706883,-0.6908456993123843
76561198009353718,-0.36625517325950435,0.9373458951079543,0.9996058732645616,1.3451854182690985,-0.3960590171906697,-0.3668996928526714,-0.7993052538854534,0.4787135538781688,0.7161148740394329,0.36689969285267143,-0.5577733510227171,-0.23145502494313788,-0.7433919416750281,1.2545932036299743,-0.38626533885220726,-0.356392548066193,-0.7214720713506865,0.5026962859765188,0.692386425404624,0.43353997364131946,-0.5434447501203772,-0.22542955918706883,-0.6908456993123843
76561198011413162,-0.6317226821331009,-0.3251881921282658,1.5806938388992327,-0.7433919416750281,-0.3960590171906697,2.7255405754769875,-0.7993052538854534,0.4787135538781688,0.7161148740394329,-2.7255405754769875,1.7928429140015905,-0.23145502494313788,-0.7433919416750281,-0.6944784178907123,-0.38626533885220726,3.204709494797226,-0.7214720713506865,0.916125488381732,1.0603145230246678,-1.9435400859077119,2.0206967434233283,-0.22542955918706883,-0.6908456993123843
76561198011778207,-0.1614659521284443,-0.6294248364869747,1.633357222582161,-0.7433919416750281,2.5248762345905194,-0.3668996928526714,-0.7993052538854534,0.4787135538781688,0.7161148740394329,0.36689969285267143,-0.5577733510227171,-0.23145502494313788,-0.7433919416750281,-0.6944784178907123,1.8946338280669388,-0.356392548066193,-0.7214720713506865,0.26480505639581453,0.4806769790691564,0.1705024260682711,-0.5434447501203772,-0.22542955918706883,-0.6908456993123843
76561198011803825,-0.6468922540687351,-0.1634724994644096,-0.019364795786651432,1.3451854182690985,-0.3960590171906697,-0.3668996928526714,-0.7993052538854534,0.4787135538781688,0.7161148740394329,0.36689969285267143,-0.5577733510227171,-0.23145502494313788,-0.7433919416750281,1.6552357036092267,-0.38626533885220726,-0.356392548066193,-0.7214720713506865,0.9446061667696466,1.0856606808607152,0.9221619858819539,-0.5434447501203772,-0.22542955918706883,-0.6908456993123843
76561198022439862,0.6880300762670649,0.02511583055605233,-0.08478486041236998,-0.7433919416750281,-0.3960590171906697,-0.3668996928526714,1.2510864843424485,0.4787135538781688,-1.3964240043768943,0.36689969285267143,-0.5577733510227171,-0.23145502494313788,1.3451854182690988,-0.6944784178907123,-0.38626533885220726,-0.356392548066193,0.6242644684202433,-0.3367043530641777,-1.2208396822196024,-0.49458960017136433,-0.5434447501203772,-0.22542955918706883,0.6058290969516779
76561198025583859,3.084822442097251,-0.045904711029261386,-0.8928087146261198,-0.7433919416750281,-0.3960590171906697,-0.3668996928526714,1.2510864843424485,0.4787135538781688,0.7161148740394329,0.36689969285267143,-0.5577733510227171,-0.23145502494313788,-0.7433919416750281,-0.6944784178907123,-0.38626533885220726,-0.356392548066193,-0.008552118733943782,-0.9529190308251686,-0.603027084965946,-1.1759413166783375,-0.5434447501203772,-0.22542955918706883,-0.6908456993123843
76561198025679656,-0.3814247451951386,-0.38853083732597843,-1.1351861186851728,1.3451854182690985,-0.3960590171906697,-0.3668996928526714,-0.7993052538854534,0.4787135538781688,0.7161148740394329,0.36689969285267143,-0.5577733510227171,-0.23145502494313788,-0.7433919416750281,1.272724102434818,-0.38626533885220726,-0.356392548066193,-0.7214720713506865,0.5226947218137944,0.7101838775685702,0.45565234628828727,-0.5434447501203772,-0.22542955918706883,-0.6908456993123843
76561198031720187,-0.7075705418112715,-0.5027395460915506,-0.07363822573084512,-0.7433919416750281,2.5248762345905194,-0.3668996928526714,-0.7993052538854534,0.4787135538781688,0.7161148740394329,0.36689969285267143,-0.5577733510227171,-0.23145502494313788,-0.7433919416750281,-0.6944784178907123,2.8494288281726283,-0.356392548066193,-0.7214720713506865,1.06515229389989,1.1929397675156135,1.0554504543372871,-0.5434447501203772,-0.22542955918706883,-0.6908456993123843
76561198032898393,-0.7379096856825395,-0.8861544969474,0.22973177223047198,-0.7433919416750281,-0.3960590171906697,-0.3668996928526714,1.2510864843424485,-2.0889318714683736,-1.3964240043768943,0.36689969285267143,-0.5577733510227171,4.320493798938573,1.3451854182690988,-0.6944784178907123,-0.38626533885220726,-0.356392548066193,2.1302077391162846,-1.6471355665305885,-1.2208396822196024,1.1268549910097871,-0.5434447501203772,4.646850984340842,2.0568699403900332
76561198037222425,0.6576909323957971,0.2909629929767541,-0.8003781483698447,-0.7433919416750281,-0.3960590171906697,-0.3668996928526714,1.2510864843424485,-2.0889318714683736,-1.3964240043768943,0.36689969285267143,1.7928429140015905,-0.23145502494313788,1.3451854182690988,-0.6944784178907123,-0.38626533885220726,-0.356392548066193,0.6395569290994585,-1.6471355665305885,-1.2208396822196024,-0.4781242537425419,0.7823329539277887,-0.22542955918706883,0.620564037818315
76561198037246903,-0.12354202228935889,3.429303141408864,1.2141743319295968,-0.7433919416750281,-0.3960590171906697,-0.3668996928526714,1.2510864843424485,0.4787135538781688,0.7161148740394329,0.36689969285267143,-0.5577733510227171,-0.23145502494313788,-0.7433919416750281,-0.6944784178907123,-0.38626533885220726,-0.356392548066193,1.202552861012571,0.2264126744093403,0.44650997783845814,0.12805177321734743,-0.5434447501203772,-0.22542955918706883,-0.6908456993123843
76561198041304371,-0.791003187457259,-0.6649351072796321,-0.7523812771794227,-0.7433919416750281,-0.3960590171906697,-0.3668996928526714,1.2510864843424485,-2.0889318714683736,0.7161148740394329,0.36689969285267143,-0.5577733510227171,-0.23145502494313788,1.3451854182690988,-0.6944784178907123,-0.38626533885220726,-0.356392548066193,2.25419381783224,-1.6471355665305885,1.3578563758826159,1.260350429136635,-0.5434447501203772,-0.22542955918706883,2.1763358377683995
76561198045196300,2.0912154803132186,1.218068981779634,-0.8834444120419024,1.3451854182690985,-0.3960590171906697,-0.3668996928526714,-0.7993052538854534,0.4787135538781688,0.7161148740394329,0.36689969285267143,-0.5577733510227171,-0.23145502494313788,-0.7433919416750281,0.08731186283015455,-0.38626533885220726,-0.356392548066193,-0.7214720713506865,-0.7848185388151683,-0.45342736178622506,-0.9900717440922964,-0.5434447501203772,-0.22542955918706883,-0.6908456993123843
76561198046731438,-0.3965943171307723,-0.36357767406627345,0.36008346590428286,1.3451854182690985,-0.3960590171906697,-0.3668996928526714,-0.7993052538854534,0.4787135538781688,0.7161148740394329,0.36689969285267143,-0.5577733510227171,-0.23145502494313788,-0.7433919416750281,1.2911954876021938,-0.38626533885220726,-0.356392548066193,-0.7214720713506865,0.543068715131582,0.7283155541862996,0.47817997475961116,-0.5434447501203772,-0.22542955918706883,-0.6908456993123843
76561198048640355,1.666467466115464,1.4733590366673837,-0.3709155744228876,1.3451854182690985,-0.3960590171906697,-0.3668996928526714,-0.7993052538854534,0.4787135538781688,0.7161148740394329,0.36689969285267143,-0.5577733510227171,-0.23145502494313788,-0.7433919416750281,0.17758043132575976,-0.38626533885220726,-0.356392548066193,-0.7214720713506865,-0.6852520366459651,-0.3648189289114435,-0.8799805541094855,-0.5434447501203772,-0.22542955918706883,-0.6908456993123843
76561198061669144,-0.6848161839078205,-1.0800213807343375,1.15649006691665,-0.7433919416750281,-0.3960590171906697,-0.3668996928526714,1.2510864843424485,-2.0889318714683736,-1.3964240043768943,0.36689969285267143,1.7928429140015905,-0.23145502494313788,1.3451854182690988,-0.6944784178907123,-0.38626533885220726,-0.356392548066193,2.0161405466976055,-1.6471355665305885,-1.2208396822196024,1.004039187933087,2.1232624031650764,-0.22542955918706883,1.9469613148019365
76561198064800033,-0.4572726048733092,4.190374620829862,2.690906503133656,1.3451854182690985,-0.3960590171906697,-0.3668996928526714,-0.7993052538854534,0.4787135538781688,0.7161148740394329,0.36689969285267143,-0.5577733510227171,-0.23145502494313788,-0.7433919416750281,1.368685200987283,-0.38626533885220726,-0.356392548066193,-0.7214720713506865,0.6285401017330325,0.8043801487777494,0.5726861234685799,-0.5434447501203772,-0.22542955918706883,-0.6908456993123843
76561198068123705,-0.8440966892319786,-1.11985046824502,0.01619402584637892,-0.7433919416750281,2.5248762345905194,-0.3668996928526714,-0.7993052538854534,0.4787135538781688,0.7161148740394329,0.36689969285267143,-0.5577733510227171,-0.23145502494313788,-0.7433919416750281,-0.6944784178907123,3.2276268476950114,-0.356392548066193,-0.7214720713506865,1.3821729529112454,1.4750698330690803,1.405981816184106,-0.5434447501203772,-0.22542955918706883,-0.6908456993123843
76561198088342032,0.4832408551360047,0.39461459420937384,-1.0514210421786934,1.3451854182690985,-0.3960590171906697,-0.3668996928526714,-0.7993052538854534,0.4787135538781688,0.7161148740394329,0.36689969285267143,-0.5577733510227171,-0.23145502494313788,-0.7433919416750281,0.5910794601335702,-0.38626533885220726,-0.356392548066193,-0.7214720713506865,-0.22916136594079434,0.04107541004318513,-0.37567877003494665,-0.5434447501203772,-0.22542955918706883,-0.6908456993123843
76561198105784816,-0.5634596084227477,-0.7038044577418645,-0.5845732056150417,-0.7433919416750281,-0.3960590171906697,2.7255405754769875,-0.7993052538854534,0.4787135538781688,0.7161148740394329,-2.7255405754769875,1.7928429140015905,-0.23145502494313788,-0.7433919416750281,-0.6944784178907123,-0.38626533885220726,3.0369088749764366,-0.7214720713506865,0.7953435538570678,0.9528255814162989,-1.9435400859077119,1.899873322261583,-0.22542955918706883,-0.6908456993123843
76561198107047766,0.7335387920739675,-0.7426738082040968,-1.2936069863366098,-0.7433919416750281,-0.3960590171906697,-0.3668996928526714,1.2510864843424485,0.4787135538781688,-1.3964240043768943,0.36689969285267143,-0.5577733510227171,-0.23145502494313788,1.3451854182690988,-0.6944784178907123,-0.38626533885220726,-0.356392548066193,0.6019594428991782,-0.3584242074310241,-1.2208396822196024,-0.5186053540785964,-0.5434447501203772,-0.22542955918706883,0.584337249499787
76561198108773562,-0.29040731358133387,0.07790136822081252,0.7690692116237459,1.3451854182690985,-0.3960590171906697,-0.3668996928526714,-0.7993052538854534,0.4787135538781688,0.7161148740394329,0.36689969285267143,-0.5577733510227171,-0.23145502494313788,-0.7433919416750281,1.1687310176599002,-0.38626533885220726,-0.356392548066193,-0.7214720713506865,0.4079900369673956,0.6081033369630282,0.3288227904012745,-0.5434447501203772,-0.22542955918706883,-0.6908456993123843
76561198118915505,-0.6165531101974667,-0.7373952544376211,-0.3823278854406981,-0.7433919416750281,2.5248762345905194,-0.3668996928526714,-0.7993052538854534,0.4787135538781688,0.7161148740394329,-2.7255405754769875,1.7928429140015905,-0.23145502494313788,-0.7433919416750281,-0.6944784178907123,2.6384052955405735,-0.356392548066193,-0.7214720713506865,0.8882639551761633,1.0355193686198383,-1.9435400859077119,1.9928256402326356,-0.22542955918706883,-0.6908456993123843
76561198121696622,-0.27523774164569964,-0.5339310001661812,0.5563279716215824,-0.7433919416750281,-0.3960590171906697,-0.3668996928526714,1.2510864843424485,0.4787135538781688,-1.3964240043768943,0.36689969285267143,-0.5577733510227171,-0.23145502494313788,1.3451854182690988,-0.6944784178907123,-0.38626533885220726,-0.356392548066193,1.3705899730093618,0.39004134174033867,-1.2208396822196024,0.3089768264160428,-0.5434447501203772,-0.22542955918706883,1.32494568701952
76561198122292277,-0.5786291803583814,-0.24744949120380058,1.8738974613905182,1.3451854182690985,-0.3960590171906697,-0.3668996928526714,-0.7993052538854534,0.4787135538781688,0.7161148740394329,0.36689969285267143,-0.5577733510227171,-0.23145502494313788,-0.7433919416750281,1.5433445549663722,-0.38626533885220726,-0.356392548066193,-0.7214720713506865,0.8211898937553496,0.9758273302378425,0.7856999824633982,-0.5434447501203772,-0.22542955918706883,-0.6908456993123843
76561198147075448,-0.6924009698756374,-0.7282777524773442,-0.793409789499019,-0.7433919416750281,2.5248762345905194,-0.3668996928526714,-0.7993052538854534,0.4787135538781688,0.7161148740394329,0.36689969285267143,-0.5577733510227171,-0.23145502494313788,-0.7433919416750281,-0.6944784178907123,2.812236941195331,-0.356392548066193,-0.7214720713506865,1.0339765713662066,1.1651951761393466,1.0209792987022872,-0.5434447501203772,-0.22542955918706883,-0.6908456993123843
76561198150437413,-0.7758336155216247,-0.83432869633109,-0.99090544663536,1.3451854182690985,-0.3960590171906697,-0.3668996928526714,-0.7993052538854534,0.4787135538781688,0.7161148740394329,0.36689969285267143,-0.5577733510227171,-0.23145502494313788,-0.7433919416750281,1.9002979126000181,-0.38626533885220726,-0.356392548066193,-0.7214720713506865,1.2149105193224317,1.3262159334519137,1.221038889074741,-0.5434447501203772,-0.22542955918706883,-0.6908456993123843
76561198159956177,-0.6013835382618324,-0.20522106107199273,-0.3462855570884648,1.3451854182690985,-0.3960590171906697,-0.3668996928526714,-0.7993052538854534,0.4787135538781688,0.7161148740394329,0.36689969285267143,-0.5577733510227171,-0.23145502494313788,-0.7433919416750281,1.5794384738834217,-0.38626533885220726,-0.356392548066193,-0.7214720713506865,0.8610015947277038,1.0112574433419952,0.8297199835661584,-0.5434447501203772,-0.22542955918706883,-0.6908456993123843
76561198170036259,-0.10837245035372466,0.7017304497134337,0.3857121351266184,1.3451854182690985,-0.3960590171906697,-0.3668996928526714,-0.7993052538854534,0.4787135538781688,0.7161148740394329,0.36689969285267143,-0.5577733510227171,-0.23145502494313788,-0.7433919416750281,0.9905755337825505,-0.38626533885220726,-0.356392548066193,-0.7214720713506865,0.21148400316679133,0.43322432317664117,0.1115450651765106,-0.5434447501203772,-0.22542955918706883,-0.6908456993123843
76561198192893105,-0.3738399592273213,0.3859769607733223,0.018744635163128787,-0.7433919416750281,-0.3960590171906697,-0.3668996928526714,1.2510864843424485,-2.0889318714683736,-1.3964240043768943,0.36689969285267143,1.7928429140015905,-0.23145502494313788,1.3451854182690988,-0.6944784178907123,-0.38626533885220726,-0.356392548066193,1.4965011145680687,-1.6471355665305885,-1.2208396822196024,0.4445449739170096,1.617081878698856,-0.22542955918706883,1.446266464900607
76561198201248007,0.9534975851406614,0.5510517331067545,-0.5317166579129525,1.3451854182690985,-0.3960590171906697,-0.3668996928526714,-0.7993052538854534,0.4787135538781688,0.7161148740394329,0.36689969285267143,-0.5577733510227171,-0.23145502494313788,-0.7433919416750281,0.3872314078637351,-0.38626533885220726,-0.356392548066193,-0.7214720713506865,-0.4540063798450583,-0.15902365829515955,-0.6242910503012163,-0.5434447501203772,-0.22542955918706883,-0.6908456993123843
76561198336656213,0.6576909323957971,-1.0042021539067731,-1.0238188367204435,-0.7433919416750281,-0.3960590171906697,2.7255405754769875,-0.7993052538854534,0.4787135538781688,0.7161148740394329,0.36689969285267143,-0.5577733510227171,-0.23145502494313788,-0.7433919416750281,-0.6944784178907123,-0.38626533885220726,1.48485907636887,-0.7214720713506865,-0.3218130892747864,-0.0413792692808037,-0.4781242537425419,-0.5434447501203772,-0.22542955918706883,-0.6908456993123843
76561198353192608,-0.5786291803583814,-0.859281859590795,-0.9008044981448701,-0.7433919416750281,-0.3960590171906697,2.7255405754769875,-0.7993052538854534,0.4787135538781688,0.7161148740394329,0.36689969285267143,-0.5577733510227171,-0.23145502494313788,-0.7433919416750281,-0.6944784178907123,-0.38626533885220726,3.072816826543025,-0.7214720713506865,0.8211898937553496,0.9758273302378425,0.7856999824633982,-0.5434447501203772,-0.22542955918706883,-0.6908456993123843
76561198796747013,-0.3510856013238701,-0.2973558177232105,-0.8085170081334195,1.3451854182690985,-0.3960590171906697,-0.3668996928526714,-0.7993052538854534,0.4787135538781688,0.7161148740394329,0.36689969285267143,-0.5577733510227171,-0.23145502494313788,-0.7433919416750281,1.236793462794169,-0.38626533885220726,-0.356392548066193,-0.7214720713506865,0.48306311837371424,0.6749140408601104,0.41183147994680774,-0.5434447501203772,-0.22542955918706883,-0.6908456993123843
76561198829145577,-0.8440966892319786,-0.7191602505170678,-0.9996921917128792,1.3451854182690985,-0.3960590171906697,-0.3668996928526714,-0.7993052538854534,0.4787135538781688,0.7161148740394329,0.36689969285267143,-0.5577733510227171,-0.23145502494313788,-0.7433919416750281,2.0519406851611643,-0.38626533885220726,-0.356392548066193,-0.7214720713506865,1.3821729529112454,1.4750698330690803,1.405981816184106,-0.5434447501203772,-0.22542955918706883,-0.6908456993123843
76561198961717161,-0.8289271172963443,-0.8631208077845953,-0.771046613832011,1.3451854182690985,-0.3960590171906697,-0.3668996928526714,-0.7993052538854534,0.4787135538781688,0.7161148740394329,0.36689969285267143,-0.5577733510227171,-0.23145502494313788,-0.7433919416750281,2.0167301838399867,-0.38626533885220726,-0.356392548066193,-0.7214720713506865,1.3433356642004524,1.4405068905653793,1.3630392276957488,-0.5434447501203772,-0.22542955918706883,-0.6908456993123843
76561198975545285,0.5970126446532604,-0.08717340411261965,-0.6212956631500668,1.3451854182690985,-0.3960590171906697,-0.3668996928526714,-0.7993052538854534,0.4787135538781688,0.7161148740394329,0.36689969285267143,-0.5577733510227171,-0.23145502494313788,-0.7433919416750281,0.535023157312744,-0.38626533885220726,-0.356392548066193,-0.7214720713506865,-0.29099163631534913,-0.013949957351994386,-0.4440448157852124,-0.5434447501203772,-0.22542955918706883,-0.6908456993123843
76561199027285610,-0.8061727593928931,-0.13851933620470464,-0.2443944283090231,1.3451854182690985,-0.3960590171906697,-0.3668996928526714,-0.7993052538854534,0.4787135538781688,0.7161148740394329,0.36689969285267143,-0.5577733510227171,-0.23145502494313788,-0.7433919416750281,1.9655753045620485,-0.38626533885220726,-0.356392548066193,-0.7214720713506865,1.2869116787149608,1.3902928042864169,1.3006509387598344,-0.5434447501203772,-0.22542955918706883,-0.6908456993123843
76561199122194203,-0.8592662611676122,-1.027715711593802,0.006654892461251369,1.3451854182690985,-0.3960590171906697,-0.3668996928526714,-0.7993052538854534,0.4787135538781688,-1.3964240043768943,0.36689969285267143,-0.5577733510227171,4.320493798938573,-0.7433919416750281,2.088077778622373,-0.38626533885220726,-0.356392548066193,-0.7214720713506865,1.4220322755354795,-1.2208396822196024,1.4500544727905764,-0.5434447501203772,5.159722620501675,-0.6908456993123843
