steam_id,Arketipe_1,Arketipe_2,Arketipe_3,Arketipe_4,Arketipe_5
76561197960269409,0.10567348701744264,0.17529742718559654,0.302352663027335,0.2488768479913802,0.1677995747782457
76561197962437769,0.3279089323822976,0.07475862795590853,0.15656841804409793,0.1963434706875973,0.24442055093009857
76561197963260222,0.36725660964283413,0.09339500936827015,0.2405269719138019,0.2770947873611645,0.021726621713929275
76561197970698176,0.22031347889007807,0.061837019615341784,0.023589604476236033,0.34409356465862545,0.3501663323597186
76561197977935089,0.3461985209559911,0.13045173465296678,0.04182836755518854,0.29302478826739564,0.188496588568458
76561197983588742,0.06706488061151515,0.27211947469110814,0.018897864803862807,0.4997078520563142,0.14220992783719966
76561197985705149,0.29764696063513457,0.14004035273287288,0.2336474855001212,0.24561687483944106,0.0830483262924303
76561197986997483,0.23212776908492264,0.1855741601907954,0.22492497005212214,0.21423016683942422,0.14314293383273552
76561197992783558,0.5846090523382351,0.056117760751079805,0.12428306500020381,0.02868100821708529,0.20630911369339588
76561197996907347,0.18278209456719455,0.1276064892446817,0.38972788425638843,0.16776930895284434,0.13211422297889105
76561197996986882,0.21305134783613078,0.05532395940451328,0.31492607609236467,0.029267053164625165,0.3874315635023662
76561197998141809,0.30904608415860246,0.07952440169323101,0.0022099064197855403,0.3263410401288654,0.2828785675995157
76561197998383791,0.3558463833727026,0.3764760835045363,0.0361430211975446,0.17497596547414,0.05655854645107635
76561197999259031,0.3937802611526303,0.2843720599406806,0.150968130510175,0.028997711078102298,0.1418818373184117
76561197999482693,0.10655548342995214,0.2390760342865853,0.2089136802933724,0.29072026849722094,0.15473453349286925
76561198002458772,0.0408747855899243,0.2437719935615583,0.26002025012372776,0.19183268331322972,0.2635002874115598
76561198003412713,0.31304796373723753,0.33139308860073646,0.27104503603657604,0.016114776895146062,0.06839913473030401
76561198004559773,0.013104597673915286,0.2653553444950673,0.13107271373349536,0.21205176497052794,0.3784155791269941
76561198006756264,0.1448527581143432,0.23845548049248316,0.43901756058763514,0.13294455842492925,0.04472964238060938
76561198006906614,0.10266884510580684,0.05712621352675763,0.3294236605329422,0.2863446765909299,0.22443660424356343
76561198009353718,0.2645917964283781,0.24400993109769578,0.056646172639626784,0.270997669301266,0.1637544305330334
76561198011413162,0.34220496749020374,0.3797766214590434,0.134774531732828,0.046641617975484315,0.09660226134244049
76561198011778207,0.16279749579307415,0.31179659786179087,0.3280782679176614,0.0026498918330304703,0.19467774659444295
76561198011803825,0.20462235895562697,0.10888123163535986,0.05876015254959307,0.1655050112974502,0.4622312455619699
76561198022439862,0.11220671325846668,0.180109104119765,0.24406785620048557,0.12624168435403774,0.33737464206724493
76561198025583859,0.4189659556759253,0.10960414221861062,0.21645880930254968,0.13097628231385086,0.12399481048906336
76561198025679656,0.024936156637285142,0.41207507811722593,0.33981892676115033,0.034800445597291466,0.18836939288704724
76561198031720187,0.32815138339126365,0.08655237089140201,0.052349706685758675,0.17683654409062732,0.3561099949409482
76561198032898393,0.09162983693696684,0.25443639472819113,0.28831051984443196,0.08995750958098972,0.2756657389094202
76561198037222425,0.162758719631521,0.27982057426628953,0.28036219010261637,0.23710168801448514,0.039956827985087866
76561198037246903,0.42309453762977406,0.16248041157152993,0.09447471225541167,0.020653283994718257,0.29929705454856603
76561198041304371,0.32607914585122905,0.00798292441712082,0.24644576434414361,0.10900152527893292,0.3104906401085736
76561198045196300,0.0749547113874019,0.29701267062510117,0.16624551199837845,0.40267112399070953,0.05911598199840903
76561198046731438,0.13563904876806904,0.04512740830058824,0.367742412580378,0.34891004337702414,0.10258108697394053
76561198048640355,0.23537990277698573,0.29145807870118545,0.1980095031709558,0.18889714439060054,0.08625537096027237
76561198061669144,0.03252080546290055,0.31339754778804985,0.3145161112002531,0.22114239797023763,0.1184231375785588
76561198064800033,0.09595679759574956,0.1994801609265811,0.24651050227022805,0.24375612426309148,0.21429641494434998
76561198068123705,0.2683199823349606,0.035164051579648026,0.06754840508323989,0.37552672899655104,0.2534408320056004
76561198088342032,0.009783681149565435,0.10794385663342923,0.7058229117022913,0.005384434547877651,0.17106511596683638
76561198105784816,0.19396474652663412,0.24456900457756037,0.2304532778828498,0.07927403160908683,0.251738939403869
76561198107047766,0.0844905210779802,0.11588322781837812,0.26584484882162573,0.23135103586283923,0.30243036641917675
76561198108773562,0.33680308876593756,0.29106499464463575,0.04797647904007971,0.18832936475019857,0.13582607279914843
76561198118915505,0.07787028343201129,0.3105402615929512,0.12545873182297343,0.2847002730286626,0.20143045012340158
76561198121696622,0.3102171196406139,0.19618069163438007,0.22516723227363147,0.19223106121882128,0.07620389523255329
76561198122292277,0.3904886061477146,0.15175872025046946,0.013142888834253175,0.3488806687824853,0.09572911598507758
76561198147075448,0.294365500380176,0.29858163620200645,0.2863544641814746,0.11586044599267613,0.004837953243666896
76561198150437413,0.22424307603160437,0.10343144519161085,0.23350351788601897,0.23277042655018365,0.20605153434058227
76561198159956177,0.14597648980968356,0.19091671311741992,0.4219609820333982,0.15711779905501122,0.08402801598448709
76561198170036259,0.19494316989308158,0.32775963613964626,0.24368884205611133,0.19958563139661104,0.034022720514549756
76561198192893105,0.195809304577344,0.315218663239977,0.044600701284577056,0.16502857912075455,0.27934275177734735
76561198201248007,0.26518991044894163,0.24952669093410537,0.25148431893501466,0.1286952820547084,0.10510379762722975
76561198336656213,0.20693794189792336,0.20713027486442082,0.22169356642467453,0.233497887963287,0.1307403288496944
76561198353192608,0.14547098196160868,0.23155535485032552,0.18853004827857253,0.20361414378947096,0.2308294711200222
76561198796747013,0.3910657947766359,0.1485141025950084,0.16503007226759134,0.04129539483826277,0.2540946355225015
76561198829145577,0.018704742128194618,0.24230216802131058,0.2823980479602717,0.1491191197434864,0.3074759221467367
76561198961717161,0.0221385254719856,0.027109083683226315,0.5970824338104112,0.2614434211388169,0.0922265358955602
76561198975545285,0.23563788932091903,0.3474236424302179,0.09737916270109709,0.28105024655500466,0.03850905899276144
76561199027285610,0.020779138250847436,0.2136362934500948,0.2173676046614289,0.2562848865896647,0.29193207704796426
76561199122194203,0.33870494498209214,0.17920080793587653,0.11209378624209294,0.2759982809054345,0.09400217993450394
