Dominant_Topic,Game
1,"['A Gay Love Story About Gay Love', 'Alba: A Wildlife Adventure', 'Apex Legends™', 'Assemble with Care', 'Atrio: The Dark Wild', 'Backpack Battles', ""Bad Rats: the Rats' Revenge"", 'BattleBit Remastered', 'Battlefield™ V', 'Bio Inc. Redemption', 'Blood II: The Chosen + Expansion', 'CUCKOLD SIMULATOR: Life as a Beta Male Cuck', 'Call of Duty®', 'Call of Duty® 2', 'Call of Duty® 4: Modern Warfare® (2007)', 'Call of Duty®: Black Ops III - Revelations Zombies Map', 'Call of Juarez: Bound in Blood', 'Capybara Spa', 'Castle of Illusion', 'Cities: Skylines', 'City Climber', 'Conquer Humanity', 'Crusader Kings III', 'Cry of Fear', 'Cyberpunk 2077', 'DARK SOULS™ II', 'DayZ', 'Dead In Vinland', 'Dead Space', 'Dead Space™ 3', 'Devil Daggers', 'Divinity: Original Sin 2 - Definitive Edition', ""Don't Starve"", 'Drift86', 'Dying Light 2 Stay Human: Reloaded Edition', 'Earl vs. the Mutants', 'Escape Game Fort Boyard', 'Eternal Threads', 'Fallout 3: Game of the Year Edition', 'Far Cry® 5', 'Farm Together', 'Friday the 13th: The Game', 'Garfield Kart', 'Generation Zero®', 'Genital Jousting', 'Getting Over It with Bennett Foddy', 'Grandpa High on Retro', 'Half-Life', 'Half-Life 2', 'Half-Life: Alyx', 'House of Detention', 'HuniePop', 'HuniePop 2: Double Date', 'I Am Bread', 'INSIDE', 'IS Defense', 'Inscryption', 'Insurgency', 'Insurgency: Sandstorm', 'Killing Floor 2', 'Kindergarten', 'Kingdom Come: Deliverance', 'Knights of Pen and Paper +1 Edition', 'Lawn Mowing Simulator', ""Leisure Suit Larry - Wet Dreams Don't Dry"", 'Lethal Company', 'Life is Strange: Before the Storm', 'Loading Screen Simulator', 'Magicka', 'Maneater', 'Master of Orion', 'Max Payne 2: The Fall of Max Payne', 'McPixel 3', 'Metro 2033 Redux', 'Milk outside a bag of milk outside a bag of milk', 'Muse Dash', 'My Singing Monsters', ""No one lives under the lighthouse Director's cut"", 'Noita', 'POSTAL 2', 'Paint the Town Red', 'People Playground', 'Phantom Brigade', 'Prototype 2', 'Punch Club', 'Rainy Season', 'Receiver', 'Red Dead Redemption 2', 'Red Orchestra 2: Heroes of Stalingrad with Rising Storm', 'Resident Evil 7 Biohazard', 'Rocket League®', 'S.T.A.L.K.E.R.: Clear Sky', 'STAR WARS™ Knights of the Old Republic™ II - The Sith Lords™', 'Shadowrun Returns', ""Sid Meier's Civilization IV: Colonization"", 'South Park™: The Fractured But Whole™ - From Dusk Till Casa Bonita', 'Spec Ops: The Line', 'Splitgate', 'Squad', 'Stubbs the Zombie in Rebel Without a Pulse', 'Stubbs the Zombie in Rebel Without a Pulse - Official Soundtrack', 'Super Seducer 2 - Advanced Seduction Tactics', 'Surviving Mars', 'Syberia 3', 'THE CORRIDOR', 'THE TEAR', 'TOEM: A Photo Adventure', 'TY the Tasmanian Tiger 2', 'TY the Tasmanian Tiger 3', 'The Gunk', 'The Lord of the Rings Online™', 'The Procession to Calvary', 'The Purring Quest', 'The Unfinished Swan', ""Tom Clancy's Ghost Recon® Breakpoint"", 'Turbo Dismount™', 'Ultimate General: Civil War', 'Untitled Goose Game', 'Visage', 'Viscera Cleanup Detail', 'We Become What We Behold [Fan-Made Port]', 'Werewolf: The Apocalypse — Heart of the Forest', 'What Remains of Edith Finch', 'Wick', 'World War 3', 'World of Guns: Gun Disassembly', 'XIII - Classic', 'Yakuza 0']"
2,"['112 Operator - Pandemic Outbreak', ""A Summer's End - Hong Kong 1986"", 'Asura Girls', 'Battle Bruise', ""Bioshock Infinite: Columbia's Finest"", 'Black Mesa', 'Borderlands 3', 'Borderlands 3: Gold Weapon Skins Pack', 'Borderlands 3: Moze Final Form Pack', 'Borderlands 3: Zane Final Form Pack', 'CaesarIA', 'Call of Duty®: Black Ops', 'Call of Duty®: Modern Warfare® 3 (2011)', 'Cavern Escape Extremely Hard game!!!', 'Chivalry: Medieval Warfare', 'Clerk hot Tale', 'Counter-Strike: Source', 'Crusader Kings II', 'Crysis', 'Crysis 2 - Maximum Edition', 'Crysis Remastered', 'DOOM Eternal', 'Deep Rock Galactic - Biohazard Pack', 'Democracy 4', ""Devil's Dungeon"", 'Dishonored - Void Walker Arsenal', 'Disney Infinity 3.0: Gold Edition', 'Dragon Knight', 'Dread Templar', 'Escape Simulator', 'FINAL FANTASY VII REMAKE INTERGRADE', ""Fallout New Vegas: Courier's Stash"", 'Frostpunk Expansions Original Soundtrack', 'Gears 5 - Ultra-HD Texture Pack', 'Girls Dance', 'HELLDIVERS™ - Ranger Pack', 'HELLDIVERS™ - Terrain Specialist Pack', 'HITMAN™', 'Half-Life Deathmatch: Source', 'Half-Life: MMod', 'Half-Life: Opposing Force', 'Half-Life: Source', 'Hearts of Iron IV', 'Hedon Bloodrite', 'How To Punish A Witch', 'Hypnospace Outlaw', 'I got a cat maid', 'LEWDAPOCALYPSE Guns&Roses', 'LEWDAPOCALYPSE Hentai Evil', 'METAL GEAR SOLID 3: Snake Eater - Master Collection Version', 'MONMUSU', 'MOTHERGUNSHIP', 'Mafia', 'Magic Duels', 'Magicka: Horror Props Item Pack', 'Magicka: Marshlands', 'Magicka: Nippon', 'Magicka: Party Robes DLC', ""Magicka: Wizard's Survival Kit"", 'Microsoft Flight Simulator (2020) 40th Anniversary Edition', 'Monster Slayers - Advanced Classes Unlocker', 'Mountain', 'My NAUGHTY Shotgun', 'Okinawa Rush', 'PAYDAY 2', 'POSTAL 4: No Regerts', 'PUBG: BATTLEGROUNDS', 'Pathfinder Adventures', 'Perdition', 'Pillars of Eternity - Deadfire Pack', 'Pillars of Eternity - Royal Edition Upgrade Pack', 'Pinball Arcade', 'Planet Coaster - Knight\xa0Rider™\xa0K.I.T.T.\xa0Construction Kit', 'Planet Coaster - Quick Draw Interactive Shooting Ride', 'Planet Coaster - Spooky Pack', 'Planet Coaster - The\xa0Munsters®\xa0Munster\xa0Koach\xa0Construction\xa0Kit', 'Planet Zoo: Oceania Pack', 'Quiplash', 'R.E.P.O.', 'RAGE 2', 'Re:Gals Panic', 'Resident Evil 2', 'Resident Evil 4 - Separate Ways', 'Resident Evil Village', 'SILENT HILL 2', 'Saints Row IV -  Enter The Dominatrix', 'Saints Row IV - Stone Age Pack', 'Saints Row IV: Presidential Pack', 'Serious Sam 3: BFE', 'Serious Sam 4', 'Shadow Warrior', 'Sheep Love', 'Six Days in Fallujah', 'Slime Rancher', 'Sniper: Ghost Warrior 2', 'Snow Daze: The Music of Winter Special Edition', 'Succubus - Unrated', 'Surviving Mars: Deluxe Upgrade Pack', 'Surviving Mars: Project Laika', 'Surviving the Aftermath: Forgotten Tracks', 'Sven Co-op', 'The Girl on the Train', 'The Pit: Infinity', 'The Sims™ 4', ""The Witcher 3: Wild Hunt - 'Ballad Heroes' Neutral Gwent Card Set"", 'The Witcher 3: Wild Hunt - Alternative Look for Ciri', 'The Witcher 3: Wild Hunt - Skellige Armor Set', 'This War of Mine: War Child Charity', 'Toast Time', ""Tom Clancy's Rainbow Six® Siege"", 'Tom Clancy’s Splinter Cell Blacklist', 'Total War: ATTILA', 'Tropico 5 - Espionage', 'Tropico 5 - Generalissimo', 'Tropico 5 - Joint Venture', 'Two Point Hospital', 'Two Point Hospital: SEGA 60th Items', 'Vampire Survivors: Legacy of the Moonspell', 'Vane', 'WWE 2K19 - Season Pass', 'World of Warships — Anshan Pack', 'Wreckfest - Season Pass 2', 'Wuthering Waves', 'Yogurt!', ""[Chilla's Art] Night Delivery | 例外配達""]"
3,"['3DMark', 'Acid Planet', 'Age of Fear 2: The Chaos Lord GOLD', 'Aimlabs', ""Assassin's Creed® Odyssey"", 'Battlefield™ 1', 'Battlefield™ 2042', 'Battlefleet Gothic: Armada 2', 'BeamNG.drive', 'Bless Online', 'Borderlands 2', 'Borderless Gaming', 'Buriedbornes2 - Dungeon RPG -', 'CPUCores :: Maximize Your FPS', 'Call of Duty®: Advanced Warfare - Gold Edition', 'Call of Duty®: Warzone™', 'Conflict Desert Storm™', 'Darksiders II Deathinitive Edition', 'Dead Rising 3 Apocalypse Edition', ""Deadlight: Director's Cut"", 'Deus Ex: Mankind Divided', 'Doomed to Hell', ""Dragon's Dogma 2"", 'F.E.A.R.', 'Fallout: New Vegas', 'Far Cry®', 'Fashion Police Squad', 'GWENT: The Witcher Card Game - 4k graphic assets pack', 'Gray Zone Warfare', 'HELLDIVERS™ - Support Pack', 'HELLDIVERS™ 2', 'HITMAN™ 2', 'Immersion Pack - Europa Universalis IV: Golden Century', 'Just Cause 2', 'Late Shift', 'Lemnis Gate', 'Lossless Scaling', 'Mafia II (Classic)', 'Metro: Last Light Redux', 'Monster Hunter Stories 2: Wings of Ruin', 'Mount & Blade II: Bannerlord', 'Penumbra: Black Plague Gold Edition', 'Power & Revolution 2019 Edition', 'Resident Evil', 'Rise of the Argonauts', 'Rogue Warrior', 'S.T.A.L.K.E.R. 2: Heart of Chornobyl', 'Saints Row 2', 'She Will Punish Them', ""Sid Meier's Starships"", 'Six Ages: Ride Like the Wind', 'Sniper Elite 4', 'Space Hulk', 'Spyro™ Reignited Trilogy', 'Starbound', 'Steam Link', 'THE FINALS', 'Terraforming Mars', 'The Last of Us™ Part I', 'The Spell Brigade', 'Tokaido', 'Warframe', 'Warhammer 40,000: Space Marine 2 - 4K Texture Pack']"
4,"['112 Operator - Water Operations', 'Albion Online', 'Arma Reforger', 'Assault on Arnhem', 'Aven Colony', 'Barotrauma', 'Bloodstained: Ritual of the Night', 'Call of Duty®: Black Ops III - Der Eisendrache Zombies Map', 'Close Combat: The Bloody First', 'Control Ultimate Edition', 'Critadel', 'Dead Cells', 'Deadnaut', 'Deep Sixed', 'Die in the Dungeon: Origins', 'Dust: An Elysian Tail', 'Factorio', 'Frostpunk', 'Ghost Signal: A Stellaris Game', 'Grim Legends: The Forsaken Bride', 'LONESTAR', 'Lara Croft GO', 'Leave No One Behind: Ia Drang', 'Left 4 Dead', 'Mars Horizon', 'My Train Arrives', 'Nioh: Complete Edition', 'Nobody Saves the World', 'POSTAL Redux', 'Pinball Deluxe: Reloaded', 'Pinball FX', 'Pinball FX3', 'Pinball FX3 - Balls of Glory Pinball', 'Pinball FX3 - Bethesda® Pinball', 'Pinball FX3 - Carnivals and Legends', 'Pinball FX3 - Marvel Pinball Avengers Chronicles', 'Pinball FX3 - Marvel Pinball Original Pack', ""Pinball FX3 - Marvel's Women of Power"", 'Pinball FX3 - Star Wars™ Pinball', 'Pinball FX3 - Star Wars™ Pinball: Balance of the Force', 'Pinball FX3 - Williams™ Pinball: Volume 1', 'Pinball FX3 - Williams™ Pinball: Volume 5', 'Pinball M', 'Planaris 2+', 'Planet of the Eyes', 'Project Hospital - Traumatology Department', 'Rogue Voltage', 'Satisfactory', 'Shu', 'Slot Shots Pinball Collection', 'Stranded: Alien Dawn', 'Surviving the Aftermath - Ultimate Colony', 'They Are Billions', 'Timberborn', 'Totally Accurate Battle Simulator', 'Wastelander', 'Wildermyth', 'Zaccaria Pinball', 'shapez']"
5,"['Blender', 'Borderlands Game of the Year', 'Bosorka', ""Broken Sword: Director's Cut (2009)"", 'Changed-OST', 'Cities: Skylines - Concerts', 'Corpus Edax Demo', 'Crab Game', 'Cuphead - Official Soundtrack', 'Devil May Cry Original Soundtrack', 'Ecchi Sketch: Draw Cute Girls Every Day!', 'Fabric Of Reality', 'Furi Original Soundtrack', 'Half-Life Soundtrack', 'Halo: The Master Chief Collection', 'Interplanetary', 'Max Payne 3', 'Rising Storm 2: Vietnam', 'SIMULACRA', 'Soundpad', 'Tainted Grail: Conquest', 'The Banner Saga 3 - Soundtrack', 'Tinyfolks', 'Unmatched: Digital Edition', 'Yakuza 5 Remastered']"
6,"['Among Us', 'Arma 3', 'Batman: Arkham Asylum Game of the Year Edition', 'COH 2 - The Western Front Armies: US Forces', ""Class of '09"", 'Cook, Serve, Delicious! 3?!', 'Destroy All Humans!', 'Door Kickers: Action Squad', 'Element Space', 'Eternal Card Game', 'Halo 2: Anniversary', 'Heavenly Bodies', 'Hell Let Loose', 'House Party - Explicit Content Add-On', 'Keep Talking and Nobody Explodes', 'Lara Croft and the Guardian of Light', 'Magicka 2', 'Max Payne 3 Rockstar Pass', 'PlateUp!', 'Resident Evil 6', 'Rust', 'STAR WARS™ Battlefront™ II', 'Saints Row: The Third', 'Squad 44', 'Team Fortress 2', 'The Jackbox Party Pack 7', ""Tom Clancy's Rainbow Six® Vegas"", 'Tower 57', 'Warhammer 40,000: Space Marine 2', 'WorldBox - God Simulator']"
7,"['A Short Hike', 'Apotheon', 'Backfirewall_', 'Banishers: Ghosts of New Eden', 'Bastard', 'BioShock Infinite', 'Chronicle of Innsmouth: Mountains of Madness', 'Counter-Strike: Condition Zero', 'DOOM 64', 'Fran Bow', 'Ghostbusters: The Video Game Remastered', 'Grey Goo - Emergence Campaign', 'Guildford Castle VR', 'Heroes & Legends: Conquerors of Kolhar', 'How Fish Is Made', 'Kemono Teatime Demo', 'Little Inferno', 'Love Ribbon', 'Mountain Crime: Requital', 'Mouthwashing', 'Oats Studios - Volume 1', ""Oddworld: Munch's Oddysee"", 'Sakura Fantasy', 'The Secret Order 2: Masked Intent', ""The Witcher: Enhanced Edition Director's Cut"", 'Wreckfest']"
8,"['Concordia: Digital Edition', 'DEAD RISING®', 'Dead Space (2008)', ""Ghost of Tsushima DIRECTOR'S CUT"", 'Gloomhaven', 'Grand Theft Auto IV: The Complete Edition', 'Horizon Zero Dawn™ Complete Edition', 'Just Cause', 'METAL GEAR SOLID - Master Collection Version', 'Mafia III: Definitive Edition', 'Manhunt', 'Medal of Honor: Airborne', 'Nightmare Kart', 'Persona 4 Arena Ultimax', 'Persona 5 Royal', 'Polandball: Can into Space!', 'Raiders of the North Sea', 'Reiner Knizia Yellow & Yangtze', 'Root', 'Sagrada', 'Scythe: Digital Edition', 'Sleeping Dogs: Definitive Edition', 'Split/Second', 'Tabletop Simulator', 'Wingspan']"
9,"['BERSERK and the Band of the Hawk', 'CHUCHEL', 'FTL: Faster Than Light', 'Forza Horizon 4', 'Grounded', 'In Sound Mind - Deluxe Edition Artbook', 'Kind Words (lo fi chill beats to write to)', 'Kingdom Two Crowns', 'Lust from Beyond: Prologue', 'Metro Exodus', 'My Sticker Book', 'RetroMaze', ""Roald Amundsen's House"", 'Starless Abyss', 'The Abbey', 'The Dark Pictures Anthology: House of Ashes', ""The Painter's Playground"", 'Transistor', 'Wallpaper Engine', 'bit Dungeon II']"
10,"['Amnesia: The Dark Descent', 'Call of Juarez: Gunslinger', 'DARK SOULS™ II: Scholar of the First Sin', 'DARK SOULS™ III', 'DARK SOULS™: REMASTERED', 'DRAGON BALL FighterZ', 'Darkest Dungeon®', 'ELDEN RING', 'Half-Life: Blue Shift', 'Halo 4', 'High On Life', 'Monster Hunter: World', 'Not For Broadcast', 'Resident Evil 3', 'SCP: Containment Breach Multiplayer', 'System Shock: Enhanced Edition', 'The Moon Sliver', 'Trepang2', 'Tropico 5', 'VRChat']"
11,"['Blade and Sorcery', 'Fallout 4 - Wasteland Workshop', ""Garry's Mod"", 'Grand Theft Auto V Legacy', 'INSURGENCY: Modern Infantry Combat', 'JBMod', 'Just Cause™ 3', 'Omerta - City of Gangsters', 'Overgrowth', 'Project Zomboid', 'STAR WARS™ Battlefront II (Classic, 2005)', 'Space Engineers', 'The Elder Scrolls V: Skyrim', 'The Elder Scrolls V: Skyrim Special Edition', 'Total War: MEDIEVAL II – Definitive Edition', 'Valheim']"
12,"['Bullfrogs', 'Call of Cthulhu®', 'Detective Di: The Silk Rose Murders', 'Disco Elysium - The Final Cut', 'Frog Detective 2: The Case of the Invisible Wizard', 'Frog Detective 3: Corruption at Cowboy County', 'Hogwarts Legacy', 'L.A. Noire', 'Mortal Shell', 'Murdered: Soul Suspect', 'Rebel Cops', 'The Case of the Golden Idol', 'The Magister', 'Who Pressed Mute on Uncle Marcus?']"
13,"['Andor - Wrecking Dawn', 'At Home Alone', 'Chants of Sennaar', 'Counter-Strike 2', 'Go! Go! Nippon! ~My First Trip to Japan~', 'Gunfire Reborn', 'Guns, Gore & Cannoli', 'Peaky Blinders: Mastermind', 'Railroad Corporation', 'Reigns: Her Majesty', 'SisterFight', 'Stronghold: Warlords', 'Treasure Hunter Claire', 'Turok']"
14,"['Age of Rivals', 'Bastion', 'ENSLAVED™: Odyssey to the West™ Premium Edition', 'GemCrusty', 'Gems of War - Puzzle RPG', 'Goblin Storm', 'Gorogoa', 'Mystic Gate', 'Steel Assault', 'Sunset Overdrive', 'Sword of the Stars: The Pit']"
15,"[""A Mortician's Tale"", 'Biblios Dice', 'Gremlins, Inc.', 'HOPE LEFT ME', 'Hotline Miami', 'Intravenous', 'Need for Speed™ Unbound', 'OTXO', 'Resident Evil Revelations 2', 'The Hong Kong Massacre']"
16,"['Cooking Simulator - Pizza', 'Cyber Knights: Flashpoint', 'Deleveled', 'Hexologic', 'Kerker', 'Phoenix Point', 'Puzzle Strike', 'Rocksmith® 2014 Edition REMASTERED LEARN & PLAY', 'Warbands: Bushido']"
17,"['Cruelty Squad', 'DUSK', 'Dead Island Definitive Edition', 'Journey To The Savage Planet', 'Kane & Lynch 2: Dog Days', 'Little Nightmares', 'NBA 2K25', 'Red Dead Redemption', 'RimWorld', 'The Elder Scrolls IV: Oblivion® Game of the Year Edition (2009)']"
